,sample,group
1,GSM3816544,Sepsis
2,GSM3816545,Sepsis
3,GSM3816547,Sepsis
4,GSM3816548,Sepsis
5,GSM3816550,Sepsis
6,GSM3816551,Sepsis
7,GSM3816554,Sepsis
8,GSM3816555,Sepsis
9,GSM3816556,Sepsis
10,GSM3816557,Sepsis
11,GSM3816560,Sepsis
12,GSM3816561,Sepsis
13,GSM3816562,Sepsis
14,GSM3816563,Sepsis
15,GSM3816565,Sepsis
16,GSM3816566,Sepsis
17,GSM3816567,Sepsis
18,GSM3816568,Sepsis
19,GSM3816569,Sepsis
20,GSM3816570,Sepsis
21,GSM3816571,Sepsis
22,GSM3816572,Sepsis
23,GSM3816573,Sepsis
24,GSM3816574,Sepsis
25,GSM3816575,Sepsis
26,GSM3816576,Sepsis
27,GSM3816577,Sepsis
28,GSM3816579,Sepsis
29,GSM3816580,Sepsis
30,GSM3816581,Sepsis
31,GSM3816582,Sepsis
32,GSM3816585,Sepsis
33,GSM3816586,Sepsis
34,GSM3816587,Sepsis
35,GSM3816589,Sepsis
36,GSM3816590,Sepsis
37,GSM3816592,Sepsis
38,GSM3816593,Sepsis
39,GSM3816594,Sepsis
40,GSM3816596,Sepsis
41,GSM3816597,Sepsis
42,GSM3816598,Sepsis
43,GSM3816599,Sepsis
44,GSM3816600,Sepsis
45,GSM3816601,Sepsis
46,GSM3816602,Sepsis
47,GSM3816603,Sepsis
48,GSM3816605,Sepsis
49,GSM3816606,Sepsis
50,GSM3816610,Sepsis
51,GSM3816611,Sepsis
52,GSM3816613,Sepsis
53,GSM3816614,Sepsis
54,GSM3816618,Sepsis
55,GSM3816619,Sepsis
56,GSM3816620,Sepsis
57,GSM3816621,Sepsis
58,GSM3816622,Sepsis
59,GSM3816624,Sepsis
60,GSM3816625,Sepsis
61,GSM3816629,Sepsis
62,GSM3816630,Sepsis
63,GSM3816631,Sepsis
64,GSM3816632,Sepsis
65,GSM3816633,Sepsis
66,GSM3816634,Sepsis
67,GSM3816635,Sepsis
68,GSM3816636,Sepsis
69,GSM3816637,Sepsis
70,GSM3816638,Sepsis
71,GSM3816639,Sepsis
72,GSM3816640,Sepsis
73,GSM3816642,Sepsis
74,GSM3816649,Sepsis
75,GSM3816650,Sepsis
76,GSM3816651,Sepsis
77,GSM3816653,Sepsis
78,GSM3816654,Sepsis
79,GSM3816655,Sepsis
80,GSM3816656,Sepsis
81,GSM3816657,Sepsis
82,GSM1317914,Sepsis
83,GSM1317915,Sepsis
84,GSM1317916,Sepsis
85,GSM1317917,Sepsis
86,GSM1317918,Sepsis
87,GSM1317919,Sepsis
88,GSM1317920,Sepsis
89,GSM1317921,Sepsis
90,GSM1317922,Sepsis
91,GSM1317923,Sepsis
92,GSM1317924,Sepsis
93,GSM1317925,Sepsis
94,GSM1317926,Sepsis
95,GSM1317927,Sepsis
96,GSM1317928,Sepsis
97,GSM1317929,Sepsis
98,GSM1317930,Sepsis
99,GSM1317931,Sepsis
100,GSM1317932,Sepsis
101,GSM1317933,Sepsis
102,GSM1317934,Sepsis
103,GSM1317935,Sepsis
104,GSM1317936,Sepsis
105,GSM1317937,Sepsis
106,GSM1317938,Sepsis
107,GSM1317939,Sepsis
108,GSM1317940,Sepsis
109,GSM1317941,Sepsis
110,GSM1317942,Sepsis
111,GSM1317943,Sepsis
112,GSM1317944,Sepsis
113,GSM1317945,Sepsis
114,GSM1317946,Sepsis
115,GSM1317947,Sepsis
116,GSM1317948,Sepsis
117,GSM1317949,Sepsis
118,GSM1317950,Sepsis
119,GSM1317951,Sepsis
120,GSM1317952,Sepsis
121,GSM1317953,Sepsis
122,GSM1317954,Sepsis
123,GSM1317955,Sepsis
124,GSM1317956,Sepsis
125,GSM1317957,Sepsis
126,GSM1317958,Sepsis
127,GSM1317959,Sepsis
128,GSM1317960,Sepsis
129,GSM1317961,Sepsis
130,GSM1317962,Sepsis
131,GSM1317963,Sepsis
132,GSM1317964,Sepsis
133,GSM1317965,Sepsis
134,GSM1317966,Sepsis
135,GSM1317967,Sepsis
136,GSM1317968,Sepsis
137,GSM1317969,Sepsis
138,GSM1317970,Sepsis
139,GSM1317971,Sepsis
140,GSM1317972,Sepsis
141,GSM1317973,Sepsis
142,GSM1317974,Sepsis
143,GSM1317975,Sepsis
144,GSM1317976,Sepsis
145,GSM1317977,Sepsis
146,GSM1317978,Sepsis
147,GSM1317979,Sepsis
148,GSM1317980,Sepsis
149,GSM1317981,Sepsis
150,GSM1317982,Sepsis
151,GSM1317983,Sepsis
152,GSM1317984,Sepsis
153,GSM1317985,Sepsis
154,GSM1317986,Sepsis
155,GSM1317987,Sepsis
156,GSM1317988,Sepsis
157,GSM1317989,Sepsis
158,GSM1317990,Sepsis
159,GSM1317991,Sepsis
160,GSM1317992,Sepsis
161,GSM1317993,Sepsis
162,GSM1317994,Sepsis
163,GSM1317995,Sepsis
164,GSM1317996,Sepsis
165,GSM1317997,Sepsis
166,GSM1317998,Sepsis
167,GSM1317999,Sepsis
168,GSM1318000,Sepsis
169,GSM1318001,Sepsis
170,GSM1318002,Sepsis
171,GSM1318003,Sepsis
172,GSM1318004,Sepsis
173,GSM1318005,Sepsis
174,GSM1318006,Sepsis
175,GSM1318007,Sepsis
176,GSM1318008,Sepsis
177,GSM1318009,Sepsis
178,GSM1318010,Sepsis
179,GSM1318011,Sepsis
180,GSM1318012,Sepsis
181,GSM1318013,Sepsis
182,GSM1318014,Sepsis
183,GSM1318015,Sepsis
184,GSM1318016,Sepsis
185,GSM1318017,Sepsis
186,GSM1318018,Sepsis
187,GSM1318019,Sepsis
188,GSM1318020,Sepsis
189,GSM1318021,Sepsis
190,GSM1318022,Sepsis
191,GSM1318023,Sepsis
192,GSM1318024,Sepsis
193,GSM1318025,Sepsis
194,GSM1318026,Sepsis
195,GSM1318027,Sepsis
196,GSM1318028,Sepsis
197,GSM1318029,Sepsis
198,GSM1318030,Sepsis
199,GSM1318031,Sepsis
200,GSM1318032,Sepsis
201,GSM1318033,Sepsis
202,GSM1318034,Sepsis
203,GSM1318035,Sepsis
204,GSM1318036,Sepsis
205,GSM1318037,Sepsis
206,GSM1318038,Sepsis
207,GSM1318039,Sepsis
208,GSM1318040,Sepsis
209,GSM712478,Sepsis
210,GSM712479,Sepsis
211,GSM712480,Sepsis
212,GSM712481,Sepsis
213,GSM712482,Sepsis
214,GSM712483,Sepsis
215,GSM712484,Sepsis
216,GSM712485,Sepsis
217,GSM712486,Sepsis
218,GSM712487,Sepsis
219,GSM3816546,Normal
220,GSM3816549,Normal
221,GSM3816552,Normal
222,GSM3816553,Normal
223,GSM3816558,Normal
224,GSM3816559,Normal
225,GSM3816564,Normal
226,GSM3816578,Normal
227,GSM3816583,Normal
228,GSM3816584,Normal
229,GSM3816588,Normal
230,GSM3816591,Normal
231,GSM3816595,Normal
232,GSM3816604,Normal
233,GSM3816607,Normal
234,GSM3816608,Normal
235,GSM3816609,Normal
236,GSM3816612,Normal
237,GSM3816615,Normal
238,GSM3816616,Normal
239,GSM3816617,Normal
240,GSM3816623,Normal
241,GSM3816626,Normal
242,GSM3816627,Normal
243,GSM3816628,Normal
244,GSM3816641,Normal
245,GSM3816643,Normal
246,GSM3816644,Normal
247,GSM3816645,Normal
248,GSM3816646,Normal
249,GSM3816647,Normal
250,GSM3816648,Normal
251,GSM3816652,Normal
252,GSM1317896,Normal
253,GSM1317897,Normal
254,GSM1317898,Normal
255,GSM1317899,Normal
256,GSM1317900,Normal
257,GSM1317901,Normal
258,GSM1317902,Normal
259,GSM1317903,Normal
260,GSM1317904,Normal
261,GSM1317905,Normal
262,GSM1317906,Normal
263,GSM1317907,Normal
264,GSM1317908,Normal
265,GSM1317909,Normal
266,GSM1317910,Normal
267,GSM1317911,Normal
268,GSM1317912,Normal
269,GSM1317913,Normal
270,GSM1318041,Normal
271,GSM1318042,Normal
272,GSM1318043,Normal
273,GSM1318044,Normal
274,GSM1318045,Normal
275,GSM1318046,Normal
276,GSM1318047,Normal
277,GSM1318048,Normal
278,GSM1318049,Normal
279,GSM1318050,Normal
280,GSM1318051,Normal
281,GSM1318052,Normal
282,GSM1318053,Normal
283,GSM1318054,Normal
284,GSM1318055,Normal
285,GSM1318056,Normal
286,GSM1318057,Normal
287,GSM1318058,Normal
288,GSM712488,Normal
289,GSM712489,Normal
290,GSM712490,Normal
291,GSM712491,Normal
292,GSM712492,Normal
293,GSM712493,Normal
294,GSM712494,Normal
295,GSM712495,Normal
296,GSM712496,Normal
297,GSM712497,Normal
298,GSM712498,Normal
299,GSM712499,Normal
300,GSM712500,Normal
301,GSM712501,Normal
302,GSM712502,Normal
303,GSM712503,Normal
304,GSM712504,Normal
305,GSM712505,Normal
306,GSM712506,Normal
307,GSM712507,Normal
