ID,group,,
GSM3816546,Normal,,
GSM3816549,Normal,,
GSM3816552,Normal,,
GSM3816553,Normal,,
GSM3816558,Normal,,
GSM3816559,Normal,,
GSM3816564,Normal,,
GSM3816578,Normal,,
GSM3816583,Normal,,
GSM3816584,Normal,,
GSM3816588,Normal,,
GSM3816591,Normal,,
GSM3816595,Normal,,
GSM3816604,Normal,,
GSM3816607,Normal,,
GSM3816608,Normal,,
GSM3816609,Normal,,
GSM3816612,Normal,,
GSM3816615,Normal,,
GSM3816616,Normal,,
GSM3816617,Normal,,
GSM3816623,Normal,,
GSM3816626,Normal,,
GSM3816627,Normal,,
GSM3816628,Normal,,
GSM3816641,Normal,,
GSM3816643,Normal,,
GSM3816644,Normal,,
GSM3816645,Normal,,
GSM3816646,Normal,,
GSM3816647,Normal,,
GSM3816648,Normal,,
GSM3816652,Normal,,
GSM1317896,Normal,,
GSM1317897,Normal,,
GSM1317898,Normal,,
GSM1317899,Normal,,
GSM1317900,Normal,,
GSM1317901,Normal,,
GSM1317902,Normal,,
GSM1317903,Normal,,
GSM1317904,Normal,,
GSM1317905,Normal,,
GSM1317906,Normal,,
GSM1317907,Normal,,
GSM1317908,Normal,,
GSM1317909,Normal,,
GSM1317910,Normal,,
GSM1317911,Normal,,
GSM1317912,Normal,,
GSM1317913,Normal,,
GSM1318041,Normal,,
GSM1318042,Normal,,
GSM1318043,Normal,,
GSM1318044,Normal,,
GSM1318045,Normal,,
GSM1318046,Normal,,
GSM1318047,Normal,,
GSM1318048,Normal,,
GSM1318049,Normal,,
GSM1318050,Normal,,
GSM1318051,Normal,,
GSM1318052,Normal,,
GSM1318053,Normal,,
GSM1318054,Normal,,
GSM1318055,Normal,,
GSM1318056,Normal,,
GSM1318057,Normal,,
GSM1318058,Normal,,
GSM712488,Normal,,
GSM712489,Normal,,
GSM712490,Normal,,
GSM712491,Normal,,
GSM712492,Normal,,
GSM712493,Normal,,
GSM712494,Normal,,
GSM712495,Normal,,
GSM712496,Normal,,
GSM712497,Normal,,
GSM712498,Normal,,
GSM712499,Normal,,
GSM712500,Normal,,
GSM712501,Normal,,
GSM712502,Normal,,
GSM712503,Normal,,
GSM712504,Normal,,
GSM712505,Normal,,
GSM712506,Normal,,
GSM712507,Normal,,
GSM3816544,Sepsis,,
GSM3816545,Sepsis,,
GSM3816547,Sepsis,,
GSM3816548,Sepsis,,
GSM3816550,Sepsis,,
GSM3816551,Sepsis,,
GSM3816554,Sepsis,,
GSM3816555,Sepsis,,
GSM3816556,Sepsis,,
GSM3816557,Sepsis,,
GSM3816560,Sepsis,,
GSM3816561,Sepsis,,
GSM3816562,Sepsis,,
GSM3816563,Sepsis,,
GSM3816565,Sepsis,,
GSM3816566,Sepsis,,
GSM3816567,Sepsis,,
GSM3816568,Sepsis,,
GSM3816569,Sepsis,,
GSM3816570,Sepsis,,
GSM3816571,Sepsis,,
GSM3816572,Sepsis,,
GSM3816573,Sepsis,,
GSM3816574,Sepsis,,
GSM3816575,Sepsis,,
GSM3816576,Sepsis,,
GSM3816577,Sepsis,,
GSM3816579,Sepsis,,
GSM3816580,Sepsis,,
GSM3816581,Sepsis,,
GSM3816582,Sepsis,,
GSM3816585,Sepsis,,
GSM3816586,Sepsis,,
GSM3816587,Sepsis,,
GSM3816589,Sepsis,,
GSM3816590,Sepsis,,
GSM3816592,Sepsis,,
GSM3816593,Sepsis,,
GSM3816594,Sepsis,,
GSM3816596,Sepsis,,
GSM3816597,Sepsis,,
GSM3816598,Sepsis,,
GSM3816599,Sepsis,,
GSM3816600,Sepsis,,
GSM3816601,Sepsis,,
GSM3816602,Sepsis,,
GSM3816603,Sepsis,,
GSM3816605,Sepsis,,
GSM3816606,Sepsis,,
GSM3816610,Sepsis,,
GSM3816611,Sepsis,,
GSM3816613,Sepsis,,
GSM3816614,Sepsis,,
GSM3816618,Sepsis,,
GSM3816619,Sepsis,,
GSM3816620,Sepsis,,
GSM3816621,Sepsis,,
GSM3816622,Sepsis,,
GSM3816624,Sepsis,,
GSM3816625,Sepsis,,
GSM3816629,Sepsis,,
GSM3816630,Sepsis,,
GSM3816631,Sepsis,,
GSM3816632,Sepsis,,
GSM3816633,Sepsis,,
GSM3816634,Sepsis,,
GSM3816635,Sepsis,,
GSM3816636,Sepsis,,
GSM3816637,Sepsis,,
GSM3816638,Sepsis,,
GSM3816639,Sepsis,,
GSM3816640,Sepsis,,
GSM3816642,Sepsis,,
GSM3816649,Sepsis,,
GSM3816650,Sepsis,,
GSM3816651,Sepsis,,
GSM3816653,Sepsis,,
GSM3816654,Sepsis,,
GSM3816655,Sepsis,,
GSM3816656,Sepsis,,
GSM3816657,Sepsis,,
GSM1317914,Sepsis,,
GSM1317915,Sepsis,,
GSM1317916,Sepsis,,
GSM1317917,Sepsis,,
GSM1317918,Sepsis,,
GSM1317919,Sepsis,,
GSM1317920,Sepsis,,
GSM1317921,Sepsis,,
GSM1317922,Sepsis,,
GSM1317923,Sepsis,,
GSM1317924,Sepsis,,
GSM1317925,Sepsis,,
GSM1317926,Sepsis,,
GSM1317927,Sepsis,,
GSM1317928,Sepsis,,
GSM1317929,Sepsis,,
GSM1317930,Sepsis,,
GSM1317931,Sepsis,,
GSM1317932,Sepsis,,
GSM1317933,Sepsis,,
GSM1317934,Sepsis,,
GSM1317935,Sepsis,,
GSM1317936,Sepsis,,
GSM1317937,Sepsis,,
GSM1317938,Sepsis,,
GSM1317939,Sepsis,,
GSM1317940,Sepsis,,
GSM1317941,Sepsis,,
GSM1317942,Sepsis,,
GSM1317943,Sepsis,,
GSM1317944,Sepsis,,
GSM1317945,Sepsis,,
GSM1317946,Sepsis,,
GSM1317947,Sepsis,,
GSM1317948,Sepsis,,
GSM1317949,Sepsis,,
GSM1317950,Sepsis,,
GSM1317951,Sepsis,,
GSM1317952,Sepsis,,
GSM1317953,Sepsis,,
GSM1317954,Sepsis,,
GSM1317955,Sepsis,,
GSM1317956,Sepsis,,
GSM1317957,Sepsis,,
GSM1317958,Sepsis,,
GSM1317959,Sepsis,,
GSM1317960,Sepsis,,
GSM1317961,Sepsis,,
GSM1317962,Sepsis,,
GSM1317963,Sepsis,,
GSM1317964,Sepsis,,
GSM1317965,Sepsis,,
GSM1317966,Sepsis,,
GSM1317967,Sepsis,,
GSM1317968,Sepsis,,
GSM1317969,Sepsis,,
GSM1317970,Sepsis,,
GSM1317971,Sepsis,,
GSM1317972,Sepsis,,
GSM1317973,Sepsis,,
GSM1317974,Sepsis,,
GSM1317975,Sepsis,,
GSM1317976,Sepsis,,
GSM1317977,Sepsis,,
GSM1317978,Sepsis,,
GSM1317979,Sepsis,,
GSM1317980,Sepsis,,
GSM1317981,Sepsis,,
GSM1317982,Sepsis,,
GSM1317983,Sepsis,,
GSM1317984,Sepsis,,
GSM1317985,Sepsis,,
GSM1317986,Sepsis,,
GSM1317987,Sepsis,,
GSM1317988,Sepsis,,
GSM1317989,Sepsis,,
GSM1317990,Sepsis,,
GSM1317991,Sepsis,,
GSM1317992,Sepsis,,
GSM1317993,Sepsis,,
GSM1317994,Sepsis,,
GSM1317995,Sepsis,,
GSM1317996,Sepsis,,
GSM1317997,Sepsis,,
GSM1317998,Sepsis,,
GSM1317999,Sepsis,,
GSM1318000,Sepsis,,
GSM1318001,Sepsis,,
GSM1318002,Sepsis,,
GSM1318003,Sepsis,,
GSM1318004,Sepsis,,
GSM1318005,Sepsis,,
GSM1318006,Sepsis,,
GSM1318007,Sepsis,,
GSM1318008,Sepsis,,
GSM1318009,Sepsis,,
GSM1318010,Sepsis,,
GSM1318011,Sepsis,,
GSM1318012,Sepsis,,
GSM1318013,Sepsis,,
GSM1318014,Sepsis,,
GSM1318015,Sepsis,,
GSM1318016,Sepsis,,
GSM1318017,Sepsis,,
GSM1318018,Sepsis,,
GSM1318019,Sepsis,,
GSM1318020,Sepsis,,
GSM1318021,Sepsis,,
GSM1318022,Sepsis,,
GSM1318023,Sepsis,,
GSM1318024,Sepsis,,
GSM1318025,Sepsis,,
GSM1318026,Sepsis,,
GSM1318027,Sepsis,,
GSM1318028,Sepsis,,
GSM1318029,Sepsis,,
GSM1318030,Sepsis,,
GSM1318031,Sepsis,,
GSM1318032,Sepsis,,
GSM1318033,Sepsis,,
GSM1318034,Sepsis,,
GSM1318035,Sepsis,,
GSM1318036,Sepsis,,
GSM1318037,Sepsis,,
GSM1318038,Sepsis,,
GSM1318039,Sepsis,,
GSM1318040,Sepsis,,
GSM712478,Sepsis,,
GSM712479,Sepsis,,
GSM712480,Sepsis,,
GSM712481,Sepsis,,
GSM712482,Sepsis,,
GSM712483,Sepsis,,
GSM712484,Sepsis,,
GSM712485,Sepsis,,
GSM712486,Sepsis,,
GSM712487,Sepsis,,
